Education Level,Premium Amount
Bachelor's,864.8662959020216
High School,865.9514882137963
Master's,866.2353216973984
PhD,862.9807229958349
