Education Level,Premium Amount
Bachelor's,1102.6984375103057
High School,1104.787490369367
Master's,1102.1139892962235
PhD,1100.6838853799088
