Health Conscious Level,Premium Amount
0,882.2543983426599
1,865.2216545211331
2,865.1038314924895
3,865.5470808739711
4,864.5690909695617
5,864.1719314474326
6,862.9761165996822
7,868.69784656297
8,873.2110252999242
