Health Conscious Level,Premium Amount
0,1112.0123869021972
1,1098.4536226685796
2,1098.1596501261565
3,1099.0094237265846
4,1102.677039038612
5,1102.5912787305317
6,1105.1592442645074
7,1118.9553447029152
8,1131.8638173056777
