Insurance Duration,Premium Amount
1.0,865.4311910774666
2.0,863.6754092132841
3.0,865.7879490084478
4.0,866.3775083991862
5.0,859.9658060199549
6.0,866.550286839212
7.0,866.2254142733062
8.0,868.0095840341581
9.0,862.9106917631767
