Insurance Duration,Premium Amount
1.0,1097.0429770788912
2.0,1106.883165599268
3.0,1101.7330990236253
4.0,1104.7230787853111
5.0,1100.8120345096143
6.0,1104.5584413618785
7.0,1105.964863165459
8.0,1105.8768086696562
9.0,1095.6769583614578
