Number of Dependents,Premium Amount
0.0,1097.6499852450456
1.0,1104.678890753643
2.0,1108.4434610343633
3.0,1104.0065514256864
4.0,1096.4642227250054
