Number of Dependents,Premium Amount
0.0,862.7796268892423
1.0,865.2359960529803
2.0,866.8526276285996
3.0,864.9558812006242
4.0,864.7174839945841
