Occupation,Premium Amount
Employed,1105.1608801765856
Self-Employed,1100.4305744996293
Unemployed,1103.3612087420029
