Occupation,Premium Amount
Employed,862.8828370379754
Self-Employed,865.0798638326145
Unemployed,867.0234897450753
