Previous Claims,Premium Amount
0.0,1082.4527457493016
1.0,1083.632645367156
2.0,1151.5831064010554
3.0,1199.4855675438946
4.0,1242.010386450828
5.0,1239.5203171456888
6.0,1334.1291390728477
7.0,1483.2413793103449
8.0,1298.0
9.0,1614.0
