Previous Claims,Premium Amount
0.0,851.6713550766486
1.0,853.1562175615868
2.0,898.4029501785653
3.0,903.2992013816364
4.0,917.29226364064
5.0,927.9404828681958
6.0,986.5171596030566
7.0,1007.286633370306
8.0,925.2190474229795
9.0,
